problem,solver,iterations,solve_time_ms,final_cost,eq_violation_inf,ineq_violation_inf,success,kkt_init_violation_inf,kkt_dyn_violation_inf,kkt_eq_violation_inf,kkt_ineq_violation_inf,kkt_dual_violation_inf,kkt_complementarity_inf,kkt_stationarity_inf,kkt_residual_inf,notes
cartpole,ipopt-casadi,33,58.21934400591999,66.80261979248728,2.5085089561116547e-10,0.0,1,3.407111586791563e-34,2.5085089561116547e-10,3.740725102261506e-37,0.0,0.0,9.818302000976209e-08,9.152253288569057e-09,9.818302000976209e-08,Solve_Succeeded
acrobot,ipopt-casadi,21,33.5125740384683,44.51328754813761,5.481526748063459e-07,0.0,1,6.310887241768095e-30,5.481526748063459e-07,0.0,0.0,0.0,0.0,5.344919056515796e-07,5.481526748063459e-07,Solve_Succeeded
quadpendulum,ipopt-casadi,65,4000.395470065996,8.279483275389,3.4807712268047908e-12,9.995032579368512e-09,1,4.95300422650037e-31,3.4807712268047908e-12,1.3678120454416398e-32,9.995032579368512e-09,0.0,1.9673517016952e-08,2.212548547153581e-11,1.9673517016952e-08,Solve_Succeeded
quadpendulum_theta,ipopt-casadi,103,6768.926110002212,6.907268443393438,1.6808563430004142e-09,0.0,1,4.5807892852494415e-26,1.6808563430004142e-09,2.3064579273176174e-31,0.0,0.0,1.0410943210170722e-07,1.0612872248724758e-07,1.0612872248724758e-07,Solve_Succeeded
