problem,solver,iterations,solve_time_ms,final_cost,eq_violation_inf,ineq_violation_inf,success,kkt_init_violation_inf,kkt_dyn_violation_inf,kkt_eq_violation_inf,kkt_ineq_violation_inf,kkt_dual_violation_inf,kkt_complementarity_inf,kkt_stationarity_inf,kkt_residual_inf,notes
barrel_roll,ipopt-jax,388,1201628.430710989,26360.15248425972,3.157624693925527,8.019467843071714e-07,0,3.9635287187528447e-07,3.157624693925527,0.0,8.019467843071714e-07,1.3812184244200962,99.17028284071148,110.5259378210555,110.5259378210555,Maximum_WallTime_Exceeded
backflip,ipopt-jax,211,1202465.1783739682,1626476.6009451658,1.7049274212362024,0.9594021018902864,0,0.4758960382770232,1.7049274212362024,0.0,0.9594021018902864,2563.2002042613276,6532.134747370413,1525173.9066828506,1525173.9066828506,Maximum_WallTime_Exceeded
jump,ipopt-jax,285,1203482.1695779683,709500.2240382347,0.010099921421465319,0.036583797087725856,0,0.00017494199445475234,0.010099921421465319,0.0,0.036583797087725856,990.1114046762118,68076.0770330499,55334.669462279686,68076.0770330499,Maximum_WallTime_Exceeded
trot,ipopt-jax,117,324953.9926981088,30907.7615008334,3.9600600683449885e-07,8.019970534261694e-07,1,3.960060068344988e-07,3.9600600683449885e-07,0.0,8.019970534261694e-07,0.0,4.376582713254994,3.995488483943266e-05,4.376582713254994,Solve_Succeeded
