problem,solver,iterations,solve_time_ms,final_cost,eq_violation_inf,ineq_violation_inf,success,kkt_init_violation_inf,kkt_dyn_violation_inf,kkt_eq_violation_inf,kkt_ineq_violation_inf,kkt_dual_violation_inf,kkt_complementarity_inf,kkt_stationarity_inf,kkt_residual_inf,notes
cartpole,ipopt-jax,46,5638.477404019795,66.80261979349673,3.398614722982529e-11,0.0,1,1.8824410123407004e-30,3.398614722982529e-11,2.8547420234451064e-35,0.0,1.2735982036586222,35.92038017502638,6.677709130442915,35.92038017502638,Solve_Succeeded
acrobot,ipopt-jax,21,1924.473691964522,44.51328754817587,5.481649689720314e-07,0.0,1,2.8398992587956425e-29,5.481649689720314e-07,0.0,0.0,,,5.345057393357777e-07,5.481649689720314e-07,Solve_Succeeded
quadpendulum,ipopt-jax,163,95391.39247103594,11.752408907197562,2.0730619887388002e-08,0.0,1,5.864879872338652e-24,2.0730619887388002e-08,1.646484400297539e-27,0.0,0.24250779507505632,14.920670921033638,9.368310620608021,14.920670921033638,Solve_Succeeded
quadpendulum_theta,ipopt-jax,82,51383.28382698819,14.811454032593844,2.6223886617771086e-07,8.240578065407678e-09,1,2.773397269078106e-28,2.6223886617771086e-07,4.445357670891281e-31,8.240578065407678e-09,0.16902459434620662,240.3531743853823,173.67223461697483,240.3531743853823,Solve_Succeeded
