problem,solver,iterations,solve_time_ms,final_cost,eq_violation_inf,ineq_violation_inf,success,kkt_init_violation_inf,kkt_dyn_violation_inf,kkt_eq_violation_inf,kkt_ineq_violation_inf,kkt_dual_violation_inf,kkt_complementarity_inf,kkt_stationarity_inf,kkt_residual_inf,notes
cartpole,sip-casadi,231,1050.943928072229,66.80262448779494,1.3829059630765528e-07,0.0,1,3.162847775350919e-08,7.406650448515961e-08,1.3829059630765528e-07,0.0,,,,1.3829059630765528e-07,Status.SOLVED
acrobot,sip-casadi,68,298.1833500089124,44.51328514121391,3.2951419370874646e-13,0.0,1,5.931595079329284e-15,3.2951419370874646e-13,0.0,0.0,0.0,0.0,9.438067426481567e-07,9.438067426481567e-07,Status.SOLVED
quadpendulum,sip-casadi,231,6328.404212021269,8.279483500604256,6.188827228470473e-12,0.0,1,2.4424906541753444e-15,6.188827228470473e-12,3.1086244689504383e-15,0.0,0.0,4.847045508840368e-08,,4.847045508840368e-08,Status.SOLVED
quadpendulum_theta,sip-casadi,198,5725.483372923918,6.907267787691907,8.203215884350357e-12,0.0,1,3.1086244689504383e-15,8.203215884350357e-12,2.220446049250313e-15,0.0,0.0,1.9190465405200807e-08,,1.9190465405200807e-08,Status.SOLVED
