problem,solver,iterations,solve_time_ms,final_cost,eq_violation_inf,ineq_violation_inf,success,kkt_init_violation_inf,kkt_dyn_violation_inf,kkt_eq_violation_inf,kkt_ineq_violation_inf,kkt_dual_violation_inf,kkt_complementarity_inf,kkt_stationarity_inf,kkt_residual_inf,notes
cartpole,csqp-jax,113,22325.00735297799,66.80262231845512,4.173560417264355e-07,0.0,1,0.0,1.7763568394002505e-15,4.173560417264355e-07,0.0,0.0,6.717582254808854e-10,32.337056272882776,32.337056272882776,
acrobot,csqp-jax,74,7516.520254081115,44.51328514120404,4.884981308350689e-15,0.0,1,0.0,4.884981308350689e-15,0.0,0.0,0.0,0.0,13.566773945766997,13.566773945766997,
quadpendulum,csqp-jax,1000,1077414.7984250449,8.694324065203217,1.8700690160855515e-06,7.838547410199403e-05,0,0.0,1.8700690160855515e-06,6.99353419619797e-09,7.838547410199403e-05,2.6696882861772854e-23,0.00018295077706271973,6.853258665539543,6.853258665539543,
quadpendulum_theta,csqp-jax,0,0.0,nan,nan,nan,0,,,,,,,,,CSQP/Crocoddyl does not support cross-stage Theta (theta_dim=1)
barrel_roll,csqp-jax,200,352010.8066260582,22233.846663172873,0.1976276129593657,26.866970037881053,0,0.0,0.1976276129593657,0.0,26.866970037881053,5.551115123125783e-17,23.13637021705153,276872.21912772494,276872.21912772494,
backflip,csqp-jax,200,656877.5045230286,31460.688715757948,0.012620173376265531,80.6044090046592,0,0.0,0.012620173376265531,0.0,80.6044090046592,8.88178419700125e-17,2.1470983237055585,24327.70260875566,24327.70260875566,
jump,csqp-jax,400,948528.4950230271,19502.201855349653,0.6527963216119066,102.79242505944502,0,0.0,0.6527963216119066,0.0,102.79242505944502,0.0,1.6016698742255568,29161.63862871602,29161.63862871602,two-phase warm start
trot,csqp-jax,212,312337.499939953,30896.707633868224,0.13149839041707878,2.9640699122339385,0,0.0,0.13149839041707878,0.0,2.9640699122339385,0.0,5.451091409858218,276864.356395547,276864.356395547,two-phase warm start
