problem,solver,iterations,solve_time_ms,final_cost,eq_violation_inf,ineq_violation_inf,success,kkt_init_violation_inf,kkt_dyn_violation_inf,kkt_eq_violation_inf,kkt_ineq_violation_inf,kkt_dual_violation_inf,kkt_complementarity_inf,kkt_stationarity_inf,kkt_residual_inf,notes
cartpole,lipa-cpu,82,91.5058710379526,66.80261969456132,1.3322676295501878e-15,0.0,1,5.651888766581038e-22,1.3322676295501878e-15,1.421979012662821e-22,0.0,0.0,4.306437262259506e-15,9.008682355649e-09,9.008682355649e-09,
acrobot,lipa-cpu,108,50.69905996788293,44.51328514225665,9.227196784422631e-11,0.0,1,2.2772173759505228e-11,9.227196784422631e-11,0.0,0.0,0.0,0.0,3.869057074723514e-09,3.869057074723514e-09,
quadpendulum,lipa-cpu,81,668.1704910006374,8.279485190095361,1.3294618916859235e-07,0.0,1,9.418159363505652e-09,1.3294618916859235e-07,1.356571060578395e-09,0.0,0.0,1.2424512719435025e-07,4.0595480939958906e-05,4.0595480939958906e-05,
quadpendulum_theta,lipa-cpu,143,1357.6125990366563,7.268974682049163,6.8949042031363206e-09,0.0,1,1.7644508076841703e-10,6.8949042031363206e-09,1.6982415473876245e-10,0.0,0.0,1.805731513214539e-07,4.882378774891528e-05,4.882378774891528e-05,
