problem,solver,iterations,solve_time_ms,final_cost,eq_violation_inf,ineq_violation_inf,success,kkt_init_violation_inf,kkt_dyn_violation_inf,kkt_eq_violation_inf,kkt_ineq_violation_inf,kkt_dual_violation_inf,kkt_complementarity_inf,kkt_stationarity_inf,kkt_residual_inf,notes
cartpole,fatrop-casadi,80,41.37667594477534,66.80261987302538,1.944222560723574e-12,0.0,1,0.0,1.944222560723574e-12,9.83158924900241e-24,0.0,0.0,1.784683040168561e-07,2.8279378838647062e-11,1.784683040168561e-07,0
acrobot,fatrop-casadi,17,30.284748994745314,44.513285141362346,3.155609107352575e-11,0.0,1,0.0,3.155609107352575e-11,0.0,0.0,,,3.1869284988772506e-11,3.1869284988772506e-11,0
quadpendulum,fatrop-casadi,112,1595.527242985554,8.279483678304924,8.381739746710082e-12,0.0,1,0.0,8.381739746710082e-12,6.2071633166225716e-21,0.0,0.0,1.0001150881914996e-07,3.447321941796311e-11,1.0001150881914996e-07,0
quadpendulum_theta,fatrop-casadi,0,0.0,nan,nan,nan,0,,,,,,,,,fatrop does not natively support cross-stage Theta (theta_dim=1)
