problem,solver,iterations,solve_time_ms,final_cost,eq_violation_inf,ineq_violation_inf,success,kkt_init_violation_inf,kkt_dyn_violation_inf,kkt_eq_violation_inf,kkt_ineq_violation_inf,kkt_dual_violation_inf,kkt_complementarity_inf,kkt_stationarity_inf,kkt_residual_inf,notes
cartpole,sip-jax,231,2378.5547899315134,66.80262448695518,1.3824408195972637e-07,0.0,1,3.1625491642151005e-08,7.404325863547001e-08,1.3824408195972637e-07,0.0,0.0,1.0133832140487099e-07,9.34075384873001e-07,9.34075384873001e-07,Status.SOLVED
acrobot,sip-jax,68,396.4311280287802,44.5132851412139,3.290701044988964e-13,0.0,1,5.928441864239056e-15,3.290701044988964e-13,0.0,0.0,,,9.432978797796476e-07,9.432978797796476e-07,Status.SOLVED
quadpendulum,sip-jax,123,4164.305052021518,8.279483374009892,9.625256147671735e-11,0.0,1,1.4194867503647401e-11,9.625256147671735e-11,1.1052492254748358e-11,0.0,0.0,1.6896236670801142e-08,7.86444437350653e-07,7.86444437350653e-07,Status.SOLVED
quadpendulum_theta,sip-jax,198,7456.666485988535,6.907267787691914,8.204992241189757e-12,0.0,1,3.1086244689504383e-15,8.204992241189757e-12,2.220446049250313e-15,0.0,0.0,1.919046539664843e-08,9.30913664733829e-07,9.30913664733829e-07,Status.SOLVED
barrel_roll,sip-jax,186,102198.53590405546,22312.158975657454,4.003499407096598e-07,7.99825029645268e-07,1,4.0034994070956284e-07,4.003499407096598e-07,0.0,7.99825029645268e-07,0.0,0.10003115847647163,0.0009932255845117588,0.10003115847647163,Status.SOLVED
backflip,sip-jax,0,2400726.7677170457,nan,nan,nan,0,,,,,,,,,hard-killed after 2400s (subprocess timeout)
jump,sip-jax,0,2400600.4106079927,nan,nan,nan,0,,,,,,,,,hard-killed after 2400s (subprocess timeout)
trot,sip-jax,55,25622.666189912707,30907.762580106857,4.0101915274055034e-07,7.994904236298878e-07,1,4.010191527403517e-07,4.0101915274055034e-07,0.0,7.994904236298878e-07,0.0,0.03806566653021099,0.0009705189849037316,0.03806566653021099,Status.SOLVED
