problem,solver,iterations,solve_time_ms,final_cost,eq_violation_inf,ineq_violation_inf,success,kkt_init_violation_inf,kkt_dyn_violation_inf,kkt_eq_violation_inf,kkt_ineq_violation_inf,kkt_dual_violation_inf,kkt_complementarity_inf,kkt_stationarity_inf,kkt_residual_inf,notes
cartpole,lipa-gpu,84,133.5714909946546,66.80261969456141,8.881784197001252e-16,0.0,1,3.64467159363869e-22,8.881784197001252e-16,6.897148777971539e-21,0.0,0.0,1.0057449313527307e-13,5.814252135305509e-09,5.814252135305509e-09,
acrobot,lipa-gpu,108,135.93897805549204,44.51328514225666,9.227196784422631e-11,0.0,1,2.27721754206203e-11,9.227196784422631e-11,0.0,0.0,0.0,0.0,3.869056991456787e-09,3.869056991456787e-09,
quadpendulum,lipa-gpu,81,170.5386299872771,8.279485190095361,1.3294618916859235e-07,0.0,1,9.418159363505652e-09,1.3294618916859235e-07,1.35657106053626e-09,0.0,0.0,1.2424512675714186e-07,4.059548093979584e-05,4.059548093979584e-05,
quadpendulum_theta,lipa-gpu,143,351.3267970411107,7.2689746820378955,6.8949042031363206e-09,0.0,1,1.7644508076841703e-10,6.8949042031363206e-09,1.6982415473876245e-10,0.0,0.0,1.8057315120011297e-07,4.8823772651602885e-05,4.8823772651602885e-05,
barrel_roll,lipa-gpu,70,3253.857029019855,22312.57398538091,0.00015205607033230706,9.120876717572872e-07,1,1.7582465648542547e-07,0.00015205607033230706,0.0,9.120876717572872e-07,0.0,0.08935887473815216,4.415575799341887,4.415575799341887,two-phase warm start
backflip,lipa-gpu,476,31688.968057977036,61952.82833468576,8.055022521255562e-05,2.021977294930366e-06,1,8.927820642364926e-10,8.055022521255562e-05,0.0,2.021977294930366e-06,0.0,0.08199293064051506,12701.847466991308,12701.847466991308,
jump,lipa-gpu,223,12963.582030963153,20915.61002100555,2.1981394419002143e-06,0.0007301408649653352,1,1.0923605082920148e-10,2.1981394419002143e-06,0.0,0.0007301408649653352,0.0,0.004945322024282051,1214.236399447244,1214.236399447244,two-phase warm start
trot,lipa-gpu,29,1469.8124309070408,30907.86109985147,4.290072279644619e-05,7.999666437501203e-07,1,4.000667124997592e-07,4.290072279644619e-05,0.0,7.999666437501203e-07,0.0,0.7534218481362245,1.9444229049448156,1.9444229049448156,two-phase warm start
